date,source,scope,unit,value,emission_factor,category,subcategory
2024-01-01,electricity,3,kWh,675.9453308469954,0.28128311215271407,operations,C
2024-01-02,diesel,1,kWh,803.373720746358,0.329021984494409,supply_chain,B
2024-01-03,diesel,2,kWh,646.1786841132089,0.37354023615785514,operations,C
2024-01-04,natural_gas,1,kWh,905.3953226557063,0.4517503580626443,transport,B
2024-01-05,diesel,1,kWh,677.5400465393602,0.2739633757442785,operations,B
2024-01-06,natural_gas,3,kWh,760.0969712969988,0.3197013381952958,operations,C
2024-01-07,natural_gas,1,kWh,577.0329233871227,0.45551253899005656,operations,B
2024-01-08,diesel,3,kWh,161.34854054917452,0.22180261521377329,operations,A
2024-01-09,natural_gas,2,kWh,535.4132469718154,0.4108133714643492,supply_chain,C
2024-01-10,diesel,1,kWh,484.70680719305045,0.3885849833997775,operations,A
2024-01-11,diesel,1,kWh,18.337488964670676,0.48861915582615567,transport,C
2024-01-12,electricity,3,kWh,302.62556031020296,0.22152222145957745,operations,C
2024-01-13,diesel,3,kWh,951.4751345577552,0.44100525774250743,transport,A
2024-01-14,diesel,2,kWh,940.1729580986116,0.483917350993278,operations,A
2024-01-15,natural_gas,2,kWh,364.5681465178059,0.2065139893212553,operations,B
2024-01-16,natural_gas,1,kWh,77.0587317107944,0.29273559032147356,supply_chain,A
2024-01-17,electricity,2,kWh,517.7167365904745,0.41207947700016023,supply_chain,C
2024-01-18,diesel,1,kWh,456.18751045720927,0.3516222922412213,transport,C
2024-01-19,diesel,1,kWh,149.4599738592186,0.4821037875636892,supply_chain,B
2024-01-20,natural_gas,2,kWh,928.5596650524864,0.3097745403857862,supply_chain,B
2024-01-21,electricity,2,kWh,928.8627647533044,0.3286849839079269,supply_chain,C
2024-01-22,electricity,3,kWh,811.4019084203197,0.4952812311810448,supply_chain,A
2024-01-23,electricity,3,kWh,919.9961754494395,0.44333949488639474,operations,B
2024-01-24,diesel,3,kWh,383.84159360672635,0.21640026896485207,transport,B
2024-01-25,diesel,1,kWh,335.1617015726155,0.40088093914265177,supply_chain,A
2024-01-26,diesel,2,kWh,335.4849190453633,0.35861351330721525,operations,B
2024-01-27,diesel,3,kWh,60.376607807129325,0.4754783544705867,supply_chain,C
2024-01-28,electricity,2,kWh,155.64947252419373,0.3816232585139756,operations,A
2024-01-29,electricity,3,kWh,358.1166905788792,0.24220023074547642,transport,B
2024-01-30,diesel,1,kWh,452.13041347650477,0.23339922829258802,supply_chain,A
2024-01-31,electricity,1,kWh,900.2070107445181,0.23138109645261826,operations,A
2024-02-01,electricity,2,kWh,844.4420222689002,0.4846766017470996,operations,A
2024-02-02,natural_gas,3,kWh,807.6209466771777,0.4568851374004088,supply_chain,B
2024-02-03,natural_gas,1,kWh,107.76045750432077,0.3944570706951932,transport,C
2024-02-04,diesel,2,kWh,550.7449323325557,0.3254877290006063,operations,C
2024-02-05,electricity,1,kWh,43.37027878408339,0.3860844712517765,operations,C
2024-02-06,natural_gas,3,kWh,656.4854395987937,0.3057838450923452,operations,C
2024-02-07,electricity,1,kWh,728.6537382674551,0.48777601612470994,operations,B
2024-02-08,natural_gas,3,kWh,778.9560165402592,0.48290846040897184,transport,A
2024-02-09,natural_gas,2,kWh,887.9009195213296,0.41352832926227756,transport,A
2024-02-10,diesel,3,kWh,664.6326651424838,0.4766923011070665,supply_chain,B
2024-02-11,natural_gas,2,kWh,589.4948518619926,0.3185672449227991,operations,C
2024-02-12,electricity,2,kWh,73.09703865041472,0.30102937733018387,supply_chain,A
2024-02-13,natural_gas,3,kWh,800.1556314504306,0.49945452770473414,operations,C
2024-02-14,diesel,1,kWh,529.3992746504416,0.2217343018959474,transport,C
2024-02-15,electricity,2,kWh,755.4688815149132,0.3690432225808369,operations,B
2024-02-16,electricity,1,kWh,45.102326801412985,0.378501803265248,transport,C
2024-02-17,diesel,2,kWh,104.25986564732342,0.36103954448831255,supply_chain,A
2024-02-18,diesel,1,kWh,358.71221910219714,0.2194232239620267,operations,C
2024-02-19,diesel,1,kWh,568.2220375086245,0.2714203195144891,transport,B
2024-02-20,diesel,3,kWh,130.2701306909923,0.24225562343409718,transport,C
2024-02-21,electricity,1,kWh,267.4541075570108,0.3736623123923767,transport,C
2024-02-22,diesel,3,kWh,709.2040840336108,0.22893227033178026,operations,B
2024-02-23,natural_gas,3,kWh,366.78687196008394,0.2007507593615438,supply_chain,A
2024-02-24,natural_gas,1,kWh,314.6629603850324,0.3414374073954485,supply_chain,A
2024-02-25,natural_gas,2,kWh,981.2992314922852,0.4640966360801917,supply_chain,A
2024-02-26,diesel,1,kWh,350.1624687987395,0.4545604387602461,supply_chain,A
2024-02-27,natural_gas,1,kWh,172.4128613445444,0.4104204226791015,supply_chain,B
2024-02-28,diesel,3,kWh,853.2508090736894,0.42538903401540484,operations,C
2024-02-29,diesel,2,kWh,412.1887702476862,0.23818586269561426,supply_chain,A
2024-03-01,electricity,1,kWh,98.12242674901786,0.30009106565857435,operations,B
2024-03-02,electricity,2,kWh,725.2786104778271,0.22371876229851473,operations,B
2024-03-03,natural_gas,2,kWh,329.8386002318865,0.45336200651710595,transport,C
2024-03-04,electricity,2,kWh,369.36747676200184,0.20595238470551863,transport,A
2024-03-05,electricity,1,kWh,86.44613544825371,0.2322662574532641,supply_chain,C
2024-03-06,natural_gas,1,kWh,348.62871312523043,0.3885691519385881,supply_chain,C
2024-03-07,diesel,3,kWh,712.0302527251413,0.24571188556468707,operations,B
2024-03-08,diesel,3,kWh,728.4000531373742,0.42002093127975426,operations,A
2024-03-09,electricity,2,kWh,629.812979656071,0.30022291294998604,transport,C
2024-03-10,diesel,1,kWh,387.370597130838,0.386978219546283,supply_chain,C
2024-03-11,electricity,2,kWh,70.74280162231483,0.45855627027501267,operations,A
2024-03-12,electricity,1,kWh,99.58810223854013,0.21799434065743262,operations,C
2024-03-13,diesel,3,kWh,688.927356727792,0.21037977148096698,transport,B
2024-03-14,diesel,1,kWh,406.3124699215608,0.3093417563278472,transport,A
2024-03-15,electricity,3,kWh,727.7034213661651,0.42071592950285097,transport,A
2024-03-16,electricity,3,kWh,895.5672600378226,0.4416719443357698,supply_chain,C
2024-03-17,diesel,2,kWh,959.5635876192606,0.220102328722665,operations,A
2024-03-18,natural_gas,1,kWh,374.36173909061176,0.42992963619818614,supply_chain,B
2024-03-19,electricity,2,kWh,485.085118930731,0.37748447454450507,operations,B
2024-03-20,electricity,2,kWh,333.69721517299485,0.3436832737668928,transport,A
2024-03-21,natural_gas,3,kWh,36.79166659733265,0.3285293780097295,operations,B
2024-03-22,natural_gas,1,kWh,777.6678717589201,0.2578811271514125,transport,B
2024-03-23,diesel,1,kWh,361.66525538461605,0.422413206698939,supply_chain,C
2024-03-24,electricity,3,kWh,182.3951156975884,0.37143640018474916,supply_chain,B
2024-03-25,natural_gas,2,kWh,894.2827281136605,0.43577580869311955,transport,B
2024-03-26,diesel,2,kWh,295.8767412985108,0.4251095701198099,transport,C
2024-03-27,diesel,3,kWh,791.4145963292298,0.34735689024686384,transport,C
2024-03-28,diesel,1,kWh,991.0530058820946,0.3892741248784479,supply_chain,B
2024-03-29,natural_gas,1,kWh,341.35325855717446,0.36474851777083417,supply_chain,B
2024-03-30,diesel,1,kWh,662.9082975199916,0.35915663658628305,transport,A
2024-03-31,diesel,1,kWh,364.7913253574977,0.48318784094227624,supply_chain,A
2024-04-01,electricity,1,kWh,522.6055686828865,0.4017438663345765,operations,C
2024-04-02,natural_gas,2,kWh,739.8383837443494,0.3485968468250995,transport,A
2024-04-03,electricity,3,kWh,521.9347767354398,0.4281522709419965,operations,C
2024-04-04,electricity,3,kWh,213.31983867095622,0.29363414174123814,supply_chain,B
2024-04-05,diesel,2,kWh,582.1571419748287,0.3173081525711362,transport,B
2024-04-06,electricity,3,kWh,422.56120743519864,0.24941628831051807,supply_chain,B
2024-04-07,electricity,1,kWh,824.5571650134311,0.4975330952961029,transport,A
2024-04-08,diesel,2,kWh,98.64295117526135,0.37045102935685453,transport,C
2024-04-09,diesel,3,kWh,979.5239747793797,0.26722139125002675,operations,B
2024-04-10,electricity,1,kWh,550.4056946073596,0.42718959305961957,operations,B
2024-04-11,natural_gas,2,kWh,133.98863588695536,0.4203351529336191,transport,C
2024-04-12,diesel,1,kWh,393.2685995479765,0.3547350677611999,operations,C
2024-04-13,diesel,1,kWh,212.01085267992087,0.30518751477558015,transport,A
2024-04-14,natural_gas,1,kWh,628.3913585015565,0.24089685451243847,transport,A
2024-04-15,electricity,2,kWh,745.8390072785435,0.35690559369366537,supply_chain,C
2024-04-16,diesel,3,kWh,178.6439703222096,0.45527631030891946,transport,C
2024-04-17,natural_gas,1,kWh,684.298024811694,0.36381340752651753,transport,C
2024-04-18,diesel,3,kWh,330.96224755208294,0.20616101529127756,transport,C
2024-04-19,diesel,1,kWh,624.5586086988708,0.49994398881794894,supply_chain,B
2024-04-20,electricity,1,kWh,668.0196163889597,0.2884740037619126,supply_chain,B
2024-04-21,electricity,2,kWh,513.4085076836448,0.41145003664604685,operations,A
2024-04-22,electricity,1,kWh,102.54267206268675,0.25351105354966297,supply_chain,B
2024-04-23,natural_gas,3,kWh,519.3456380515117,0.46556359787895035,supply_chain,B
2024-04-24,natural_gas,1,kWh,221.90087114812047,0.43111178815550333,transport,A
2024-04-25,diesel,2,kWh,422.56149412310384,0.49799706729984267,operations,A
2024-04-26,diesel,1,kWh,902.6637960041425,0.2968264357883734,operations,B
2024-04-27,natural_gas,3,kWh,150.87610668791697,0.28472176594137105,supply_chain,C
2024-04-28,natural_gas,2,kWh,288.59293038886375,0.42849933825969,operations,A
2024-04-29,diesel,2,kWh,938.1049160425875,0.3601801679253369,supply_chain,B
2024-04-30,diesel,1,kWh,865.7709257331609,0.26321759845881476,transport,B
2024-05-01,electricity,3,kWh,855.8857965399282,0.32648146011426893,supply_chain,C
2024-05-02,natural_gas,3,kWh,75.42800900013225,0.3981909029711306,transport,C
2024-05-03,diesel,3,kWh,771.0735430020875,0.347362421452397,operations,C
2024-05-04,diesel,1,kWh,148.5380075175773,0.4012027316417738,transport,A
2024-05-05,electricity,1,kWh,481.84245277196305,0.43547340978633997,transport,A
2024-05-06,diesel,3,kWh,658.3421503530238,0.2795732522374933,transport,A
2024-05-07,electricity,3,kWh,383.4095937930319,0.48524025618188144,transport,C
2024-05-08,natural_gas,3,kWh,803.6552525782647,0.2629468343008337,supply_chain,B
2024-05-09,natural_gas,3,kWh,708.5503141150562,0.4685543326795174,operations,A
2024-05-10,natural_gas,2,kWh,757.212042414383,0.2595603621601046,transport,B
2024-05-11,diesel,3,kWh,706.0678032818341,0.4970549456535266,transport,C
2024-05-12,natural_gas,3,kWh,323.2992022069147,0.3239496823511914,transport,B
2024-05-13,natural_gas,2,kWh,507.09621201736843,0.303194159722483,operations,A
2024-05-14,diesel,2,kWh,772.1923019507191,0.32187878712186024,operations,C
2024-05-15,electricity,3,kWh,766.7400942336591,0.30123295695699925,operations,C
2024-05-16,natural_gas,2,kWh,731.8266726610057,0.42484225868711745,transport,B
2024-05-17,natural_gas,3,kWh,930.8040100577011,0.21305267282877055,operations,A
2024-05-18,natural_gas,1,kWh,586.5717535450267,0.4366245434884851,supply_chain,C
2024-05-19,electricity,1,kWh,165.85093228579245,0.4957360066539363,supply_chain,B
2024-05-20,diesel,2,kWh,604.5490276006642,0.26281585584874845,operations,A
2024-05-21,natural_gas,1,kWh,754.1426406006193,0.2614425223025854,operations,A
2024-05-22,natural_gas,3,kWh,315.12545055135354,0.33398045836815055,transport,B
2024-05-23,natural_gas,1,kWh,539.7120934377587,0.37087556554674783,transport,C
2024-05-24,diesel,2,kWh,509.335062359132,0.4432229402744602,operations,C
2024-05-25,diesel,1,kWh,253.7343255219339,0.26823007832736767,transport,B
2024-05-26,diesel,3,kWh,629.5683533525357,0.2826013196968515,transport,B
2024-05-27,diesel,3,kWh,145.20291461307247,0.42864828767614604,supply_chain,B
2024-05-28,electricity,2,kWh,359.0108943004545,0.473573174079347,supply_chain,C
2024-05-29,electricity,3,kWh,651.9476754703288,0.46770860083193183,transport,C
2024-05-30,natural_gas,3,kWh,371.47388434107404,0.3234597985596195,transport,C
2024-05-31,diesel,2,kWh,566.5500304159098,0.44179088701667557,operations,B
2024-06-01,diesel,3,kWh,551.4215277640161,0.30199038924283106,supply_chain,C
2024-06-02,diesel,1,kWh,211.3200946150011,0.49744221406476297,transport,B
2024-06-03,electricity,1,kWh,812.3341830046846,0.3741959594131199,transport,C
2024-06-04,electricity,2,kWh,886.4938391712442,0.27339682971184004,transport,A
2024-06-05,diesel,1,kWh,775.2712836494934,0.43245620711561006,operations,A
2024-06-06,diesel,1,kWh,500.43237692736807,0.348086978821846,transport,B
2024-06-07,natural_gas,3,kWh,791.1614766824439,0.2893065375210241,transport,B
2024-06-08,diesel,2,kWh,655.0987254828696,0.26120208434160475,transport,C
2024-06-09,diesel,1,kWh,759.9658870826348,0.22863992215149687,operations,C
2024-06-10,natural_gas,1,kWh,310.8091258061588,0.39191136966779033,operations,B
2024-06-11,diesel,3,kWh,39.901853745294254,0.22696245690249844,transport,B
2024-06-12,natural_gas,2,kWh,837.8483875474786,0.3028695861342516,transport,A
2024-06-13,diesel,3,kWh,900.0659213605996,0.2971928468303435,transport,A
2024-06-14,electricity,3,kWh,208.48557804437945,0.3295815697734138,transport,A
2024-06-15,diesel,2,kWh,599.6011477199886,0.4337294513797947,supply_chain,B
2024-06-16,natural_gas,1,kWh,737.5535824591087,0.4051451652777369,supply_chain,B
2024-06-17,natural_gas,2,kWh,427.3714764928319,0.3665444951942721,operations,A
2024-06-18,electricity,3,kWh,522.3724783075785,0.42436641331884617,transport,C
2024-06-19,diesel,2,kWh,840.5480978033289,0.2813647615640453,supply_chain,B
2024-06-20,diesel,2,kWh,817.2235482730856,0.33757467258514345,operations,B
2024-06-21,diesel,1,kWh,64.29347991726203,0.4530616194901976,supply_chain,B
2024-06-22,diesel,2,kWh,539.952431323501,0.2963202345815894,transport,C
2024-06-23,diesel,2,kWh,398.2718396130876,0.4781286610350355,transport,C
2024-06-24,diesel,2,kWh,638.4349103879741,0.23893961118398957,operations,B
2024-06-25,diesel,1,kWh,133.93057691361463,0.4070262483321271,transport,A
2024-06-26,diesel,3,kWh,635.3726807639512,0.3819891271295549,operations,A
2024-06-27,electricity,2,kWh,10.055400997882769,0.49255502897320813,operations,A
2024-06-28,diesel,2,kWh,483.2934859257009,0.23466362295157137,operations,C
2024-06-29,diesel,3,kWh,202.94638953005816,0.21971267346642326,supply_chain,B
2024-06-30,natural_gas,2,kWh,473.9220293614329,0.28106198836865054,operations,A
2024-07-01,diesel,3,kWh,873.3405697592373,0.27790906520012193,transport,B
2024-07-02,natural_gas,2,kWh,789.1764297234885,0.36184891514840245,transport,B
2024-07-03,electricity,2,kWh,854.3769842057583,0.25978156593983626,operations,B
2024-07-04,electricity,2,kWh,728.911091675213,0.2966564123878998,supply_chain,C
2024-07-05,diesel,2,kWh,135.27938616328208,0.30929709779226344,operations,B
2024-07-06,electricity,2,kWh,634.2567612363563,0.441916295570588,transport,B
2024-07-07,diesel,3,kWh,977.458053817785,0.4454347824486546,transport,C
2024-07-08,diesel,2,kWh,189.6199217261781,0.3318794748805531,operations,B
2024-07-09,diesel,1,kWh,526.3223016991628,0.33772187093213535,supply_chain,C
2024-07-10,diesel,2,kWh,102.69056406350863,0.21426953378530902,operations,B
2024-07-11,natural_gas,1,kWh,61.051997602921354,0.31986053966301886,operations,A
2024-07-12,natural_gas,1,kWh,855.4741662721078,0.22882579562473765,operations,C
2024-07-13,diesel,1,kWh,550.6894903641297,0.26187059506836896,operations,C
2024-07-14,electricity,2,kWh,117.92350626368541,0.2810717198074126,supply_chain,C
2024-07-15,natural_gas,1,kWh,945.5197779100812,0.4210462177591866,transport,B
2024-07-16,electricity,1,kWh,602.9621023160483,0.470054548857635,transport,C
2024-07-17,diesel,2,kWh,146.5964358868032,0.2636448404744786,operations,C
2024-07-18,natural_gas,2,kWh,163.10289814237615,0.31114349849925665,operations,C
2024-07-19,natural_gas,3,kWh,914.7731410458113,0.41503615416683737,supply_chain,A
2024-07-20,natural_gas,3,kWh,668.9312116624795,0.39605322901255635,operations,A
2024-07-21,natural_gas,3,kWh,247.2189291818989,0.25318093805845265,operations,C
2024-07-22,natural_gas,2,kWh,721.7586454195907,0.36153834610295305,transport,C
2024-07-23,diesel,2,kWh,485.68310387497183,0.25427570434154073,supply_chain,C
2024-07-24,natural_gas,2,kWh,52.57512166815008,0.346011761424032,operations,C
2024-07-25,natural_gas,3,kWh,992.8573240059593,0.4580577902941583,supply_chain,A
2024-07-26,diesel,3,kWh,83.57994760945057,0.48362993197759685,transport,A
2024-07-27,natural_gas,2,kWh,265.34749698528503,0.3475409066261347,supply_chain,C
2024-07-28,electricity,2,kWh,680.8778541032547,0.38280472180420777,supply_chain,A
2024-07-29,natural_gas,2,kWh,512.9087799225042,0.3386689835053963,operations,B
2024-07-30,electricity,2,kWh,265.1609731938459,0.49102268360299745,operations,B
2024-07-31,natural_gas,1,kWh,604.6004065122133,0.32017717495781317,supply_chain,A
2024-08-01,natural_gas,3,kWh,695.101576960501,0.45448074102702857,transport,A
2024-08-02,natural_gas,3,kWh,681.5171255785565,0.31973278929206644,operations,A
2024-08-03,electricity,1,kWh,885.0368984871932,0.2504184817697298,transport,C
2024-08-04,electricity,3,kWh,214.59090066570022,0.24479186836279535,supply_chain,C
2024-08-05,natural_gas,2,kWh,542.2553925758004,0.2704704343349688,transport,C
2024-08-06,electricity,3,kWh,314.5267902842806,0.25170326517048847,supply_chain,C
2024-08-07,natural_gas,3,kWh,498.05336415756864,0.3648853529847214,transport,A
2024-08-08,diesel,2,kWh,44.1853708356348,0.2518755344874217,transport,A
2024-08-09,diesel,2,kWh,747.763474822692,0.22971703691740442,transport,B
2024-08-10,diesel,1,kWh,460.45116919070915,0.4118952941634355,operations,B
2024-08-11,natural_gas,1,kWh,149.34510948507693,0.32291924894952023,transport,C
2024-08-12,electricity,1,kWh,399.7880359579644,0.20571870402079412,supply_chain,A
2024-08-13,diesel,3,kWh,434.40673689252594,0.20100627534002635,supply_chain,B
2024-08-14,diesel,3,kWh,750.9453641125266,0.4411642309923991,transport,B
2024-08-15,diesel,2,kWh,52.641053401158295,0.383832028322436,operations,B
2024-08-16,diesel,1,kWh,622.8002213426312,0.21529963630353685,supply_chain,A
2024-08-17,diesel,3,kWh,564.6876120708993,0.43753795040692073,operations,B
2024-08-18,natural_gas,1,kWh,825.37924012987,0.4417752362896784,transport,A
2024-08-19,natural_gas,1,kWh,708.5899851378716,0.3975168551274336,operations,C
2024-08-20,natural_gas,1,kWh,787.7792875297018,0.4927570733073161,transport,C
2024-08-21,electricity,2,kWh,170.63973583942163,0.28344412485213843,transport,A
2024-08-22,electricity,2,kWh,804.4944020151014,0.2688444494933126,transport,C
2024-08-23,natural_gas,1,kWh,429.507027710325,0.47112277867649316,transport,C
2024-08-24,natural_gas,2,kWh,310.43133641204287,0.38704767564863274,operations,A
2024-08-25,diesel,2,kWh,819.3570418762893,0.48047328629745867,supply_chain,C
2024-08-26,electricity,3,kWh,477.4509785027434,0.49487303093697893,supply_chain,A
2024-08-27,natural_gas,2,kWh,801.1618742578621,0.24135029924992443,transport,A
2024-08-28,natural_gas,1,kWh,859.4940601692218,0.37496004783931247,supply_chain,B
2024-08-29,electricity,1,kWh,341.8698778379092,0.3987511279597299,supply_chain,A
2024-08-30,natural_gas,2,kWh,498.1402865120524,0.47705804056823137,transport,A
2024-08-31,electricity,3,kWh,289.353060731569,0.23070822861149398,transport,A
2024-09-01,electricity,1,kWh,10.771202581416357,0.3941795229687244,supply_chain,C
2024-09-02,diesel,2,kWh,69.42373944135988,0.2778567148224787,supply_chain,C
2024-09-03,natural_gas,2,kWh,58.0761816284,0.2500695564092093,supply_chain,B
2024-09-04,electricity,1,kWh,956.0689498425398,0.3081239665664861,transport,C
2024-09-05,natural_gas,1,kWh,100.71478281059863,0.48829956725697393,supply_chain,A
2024-09-06,electricity,1,kWh,720.5564052656678,0.30929089277628363,supply_chain,B
2024-09-07,diesel,1,kWh,236.5520203068044,0.4354088980172207,operations,B
2024-09-08,diesel,1,kWh,295.98340472798793,0.4883100765332247,supply_chain,A
2024-09-09,natural_gas,2,kWh,767.7190876956327,0.35123957046313325,supply_chain,A
2024-09-10,electricity,2,kWh,428.4564361855949,0.48077565502788505,supply_chain,B
2024-09-11,natural_gas,1,kWh,585.7103346332136,0.4265315294241716,operations,B
2024-09-12,diesel,1,kWh,548.702588750603,0.2986726488212493,transport,A
2024-09-13,electricity,1,kWh,567.069880645121,0.3353816917587442,transport,A
2024-09-14,electricity,3,kWh,726.0312382925651,0.4386636414000675,transport,B
2024-09-15,electricity,3,kWh,86.77717800104217,0.26887671869150925,operations,A
2024-09-16,natural_gas,1,kWh,50.1530903333451,0.36004502175991526,transport,B
2024-09-17,electricity,2,kWh,60.10204588824499,0.36851795428473877,supply_chain,B
2024-09-18,electricity,1,kWh,292.24344743517844,0.38664282316103216,operations,A
2024-09-19,diesel,1,kWh,74.17917209349439,0.2214390414956742,supply_chain,A
2024-09-20,natural_gas,1,kWh,106.75526556795826,0.3395187684181854,transport,B
2024-09-21,electricity,3,kWh,260.93184713828407,0.323280301594845,supply_chain,A
2024-09-22,electricity,3,kWh,960.3228507174234,0.3390087399612224,transport,A
2024-09-23,diesel,2,kWh,882.5103430512241,0.4268188664801599,supply_chain,A
2024-09-24,electricity,1,kWh,781.1123053995948,0.39390169980734624,transport,C
2024-09-25,electricity,2,kWh,896.5353390888595,0.47895865633545104,transport,C
2024-09-26,diesel,3,kWh,917.5273100567609,0.44665388585685817,operations,C
2024-09-27,diesel,3,kWh,238.36324618580966,0.45268800411023846,transport,B
2024-09-28,electricity,2,kWh,885.0645307759655,0.35565164795056126,operations,C
2024-09-29,diesel,1,kWh,932.1271700721801,0.3376700324343014,operations,C
2024-09-30,natural_gas,2,kWh,52.98476445218817,0.4456118033708704,operations,A
2024-10-01,natural_gas,3,kWh,567.8614439280536,0.29730214006007577,transport,A
2024-10-02,natural_gas,1,kWh,761.379334213332,0.4614785201529031,supply_chain,A
2024-10-03,natural_gas,2,kWh,368.39587959586544,0.2480480521995833,supply_chain,A
2024-10-04,natural_gas,3,kWh,619.5351543047952,0.29018550533753285,transport,B
2024-10-05,electricity,2,kWh,880.2897265201594,0.4849413281949618,supply_chain,C
2024-10-06,diesel,1,kWh,806.6732628725268,0.31712028016062527,operations,B
2024-10-07,natural_gas,1,kWh,286.4255150347639,0.2686510384879911,operations,B
2024-10-08,diesel,1,kWh,10.038583072709574,0.4072209213422783,transport,C
2024-10-09,natural_gas,3,kWh,928.4546556213364,0.41029776372035376,supply_chain,C
2024-10-10,electricity,1,kWh,578.4739277155606,0.416204420303385,transport,A
2024-10-11,natural_gas,2,kWh,25.046620652133335,0.4455445616049235,supply_chain,C
2024-10-12,electricity,3,kWh,618.6962074889934,0.42888663249377257,supply_chain,A
2024-10-13,natural_gas,3,kWh,184.04480649513636,0.3342617034830627,transport,C
2024-10-14,electricity,2,kWh,76.16423770497053,0.3062059863576777,operations,B
2024-10-15,diesel,1,kWh,708.8954774651353,0.3814942199150194,operations,B
2024-10-16,electricity,1,kWh,132.60813393600955,0.49867060662506457,operations,C
2024-10-17,electricity,2,kWh,145.50809128810718,0.2812447609938533,supply_chain,A
2024-10-18,natural_gas,1,kWh,283.2607133019457,0.3388550315017433,supply_chain,C
2024-10-19,natural_gas,2,kWh,919.0121371809895,0.46909793310962483,transport,A
2024-10-20,electricity,3,kWh,73.64752319240999,0.4479468440105946,supply_chain,C
2024-10-21,diesel,1,kWh,450.8233078891414,0.369789923674655,transport,A
2024-10-22,electricity,3,kWh,524.0398356490672,0.35419183201854315,supply_chain,A
2024-10-23,diesel,1,kWh,886.64970014923,0.45163069611982526,operations,C
2024-10-24,natural_gas,3,kWh,600.614417237507,0.2016068523542291,transport,C
2024-10-25,electricity,2,kWh,744.8976509945454,0.4719919818954354,supply_chain,C
2024-10-26,diesel,2,kWh,657.9659607073295,0.33262386020080736,operations,C
2024-10-27,natural_gas,3,kWh,742.9277565475244,0.49769924812481264,supply_chain,B
2024-10-28,electricity,2,kWh,406.9362785854018,0.43983766754612497,transport,A
2024-10-29,natural_gas,3,kWh,168.05886847294107,0.48569504384288364,supply_chain,B
2024-10-30,natural_gas,3,kWh,898.0456645192683,0.3683203245593274,operations,B
2024-10-31,natural_gas,2,kWh,536.2890160567978,0.21377641807620582,transport,A
2024-11-01,diesel,2,kWh,956.8262612941896,0.3019331523910712,supply_chain,B
2024-11-02,electricity,1,kWh,336.26142346389827,0.44414311899819603,supply_chain,A
2024-11-03,diesel,2,kWh,501.8284578298964,0.27931618482137255,transport,A
2024-11-04,natural_gas,3,kWh,547.4068489679339,0.23006260517176325,operations,B
2024-11-05,diesel,3,kWh,511.4055938397818,0.20040815838905032,supply_chain,A
2024-11-06,natural_gas,3,kWh,933.8020768873969,0.4540657738206741,operations,A
2024-11-07,natural_gas,1,kWh,754.0744111002539,0.4337665527490007,transport,C
2024-11-08,diesel,3,kWh,966.5205296861558,0.29152001425330754,operations,B
2024-11-09,electricity,3,kWh,49.185735469790956,0.30996994175515147,supply_chain,C
2024-11-10,electricity,1,kWh,943.831381573922,0.3585649552514296,transport,B
2024-11-11,electricity,3,kWh,321.5966203057858,0.32446453917811946,transport,A
2024-11-12,electricity,1,kWh,381.58514464520437,0.34656236020424463,operations,C
2024-11-13,electricity,1,kWh,634.5537691709958,0.4214913337187821,transport,B
2024-11-14,electricity,3,kWh,764.9768651095264,0.49146842760052667,operations,A
2024-11-15,natural_gas,3,kWh,476.4163842946104,0.40252169232120094,operations,B
2024-11-16,natural_gas,3,kWh,346.8589952983097,0.44060867575609597,transport,C
2024-11-17,electricity,2,kWh,484.76379470046743,0.4350306545350493,transport,B
2024-11-18,natural_gas,1,kWh,996.670245950388,0.4893572373304372,operations,A
2024-11-19,electricity,1,kWh,130.39103398436492,0.4226782266598702,supply_chain,A
2024-11-20,natural_gas,2,kWh,844.6463153916808,0.3609998550692617,supply_chain,A
2024-11-21,natural_gas,3,kWh,382.9222547519206,0.3243862218867448,supply_chain,B
2024-11-22,diesel,2,kWh,991.1375892437055,0.35583281973825764,supply_chain,B
2024-11-23,natural_gas,2,kWh,914.3581764180308,0.33158616484125025,supply_chain,C
2024-11-24,electricity,1,kWh,557.0929591502479,0.22397197871707547,transport,A
2024-11-25,natural_gas,3,kWh,277.2697031919969,0.4347717562133403,operations,A
2024-11-26,natural_gas,3,kWh,772.5206375130714,0.4399575924346133,operations,B
2024-11-27,natural_gas,1,kWh,98.78751950078355,0.3123532863160631,operations,C
2024-11-28,electricity,2,kWh,631.7503667263578,0.3484267730529948,supply_chain,C
2024-11-29,natural_gas,1,kWh,887.5327079347728,0.4308705755342749,supply_chain,A
2024-11-30,electricity,1,kWh,950.6612877364483,0.3324138845731569,operations,A
2024-12-01,electricity,2,kWh,990.216991917446,0.22410073804640648,transport,A
2024-12-02,electricity,2,kWh,169.14651974452482,0.21050994861024147,transport,C
2024-12-03,diesel,3,kWh,805.0550725629842,0.31462863439889815,transport,C
2024-12-04,natural_gas,2,kWh,853.0485325226197,0.29259144644817614,operations,A
2024-12-05,diesel,3,kWh,170.34772908045517,0.43684465248108406,supply_chain,C
2024-12-06,diesel,3,kWh,420.6602531245398,0.30934417883739435,supply_chain,C
2024-12-07,diesel,1,kWh,888.6330081470478,0.40399768741639275,operations,B
2024-12-08,electricity,2,kWh,756.5408338751618,0.3702052840658644,transport,B
2024-12-09,natural_gas,1,kWh,320.93016906486633,0.25746050122983516,operations,C
2024-12-10,electricity,3,kWh,309.49979534751776,0.37178791000593203,supply_chain,C
2024-12-11,natural_gas,3,kWh,542.1936330201171,0.4005178699616405,supply_chain,C
2024-12-12,natural_gas,2,kWh,867.1707386542715,0.23968626417620098,supply_chain,B
2024-12-13,electricity,1,kWh,181.89309141348753,0.29867280592170586,supply_chain,B
2024-12-14,natural_gas,2,kWh,825.510360329094,0.2883125987719355,supply_chain,B
2024-12-15,electricity,1,kWh,604.2553730772535,0.3978113254237492,transport,A
2024-12-16,diesel,3,kWh,884.1388718260055,0.3843057642076755,transport,C
2024-12-17,electricity,3,kWh,239.61622856514904,0.2922177849442674,operations,C
2024-12-18,diesel,2,kWh,721.0460584400873,0.2871618553640994,operations,C
2024-12-19,natural_gas,1,kWh,92.18230990413619,0.27013903249089244,supply_chain,B
2024-12-20,diesel,3,kWh,697.6185803340186,0.2976785151618121,supply_chain,B
2024-12-21,diesel,3,kWh,415.4540298390291,0.3929318535197154,transport,A
2024-12-22,natural_gas,3,kWh,401.9252659451984,0.41026863369701283,transport,A
2024-12-23,diesel,2,kWh,911.3318287147496,0.25449184587711277,supply_chain,C
2024-12-24,diesel,3,kWh,165.82670141783285,0.4453882717941505,supply_chain,A
2024-12-25,natural_gas,1,kWh,609.0778618482865,0.36662854490409846,transport,B
2024-12-26,diesel,1,kWh,626.1481048848027,0.4063741361048685,operations,C
2024-12-27,natural_gas,1,kWh,513.2168507688591,0.28058435058442516,supply_chain,A
2024-12-28,diesel,2,kWh,921.9174071403254,0.2222790473476479,supply_chain,B
2024-12-29,diesel,2,kWh,887.0452470043501,0.40597217830572546,transport,A
2024-12-30,natural_gas,1,kWh,870.2601834317751,0.36834511891201466,supply_chain,B
2024-12-31,natural_gas,2,kWh,966.0636597115181,0.2866601767001316,operations,C
2025-01-01,electricity,3,kWh,650.5881914583682,0.22413538080393736,transport,C
2025-01-02,natural_gas,1,kWh,775.5932215165868,0.31934616553659245,operations,B
2025-01-03,natural_gas,3,kWh,342.863092133572,0.3683534231162747,supply_chain,C
2025-01-04,electricity,3,kWh,666.0589286909525,0.2055283829083284,supply_chain,A
2025-01-05,natural_gas,2,kWh,828.6468914525045,0.492950664776154,operations,A
2025-01-06,electricity,1,kWh,494.5122259328687,0.48977759712200153,transport,C
2025-01-07,electricity,2,kWh,986.7909964352943,0.429491856115222,transport,B
2025-01-08,diesel,1,kWh,250.42656434012093,0.42754776373687536,operations,A
2025-01-09,natural_gas,3,kWh,675.3738489143975,0.2574612044531151,operations,B
2025-01-10,natural_gas,1,kWh,801.55375813683,0.210895061628105,operations,B
2025-01-11,natural_gas,1,kWh,659.5709920566488,0.3710869999161289,operations,A
2025-01-12,diesel,2,kWh,269.2949566294824,0.4163639309643463,operations,C
2025-01-13,electricity,1,kWh,544.338957712824,0.2801595100028892,transport,B
2025-01-14,electricity,2,kWh,242.10780800395008,0.458044152975311,operations,A
2025-01-15,diesel,1,kWh,203.2135404083194,0.44741180953828363,operations,C
2025-01-16,diesel,2,kWh,75.66568084222139,0.25608831109244184,transport,B
2025-01-17,diesel,1,kWh,614.8948106796366,0.36446787379350143,supply_chain,B
2025-01-18,diesel,1,kWh,679.2083745721717,0.319717120333298,supply_chain,A
2025-01-19,electricity,2,kWh,450.83404723737823,0.4483667364496925,operations,C
2025-01-20,electricity,1,kWh,411.6505952650459,0.4914358864081367,transport,A
2025-01-21,electricity,2,kWh,321.95102015389324,0.2013845677058142,transport,B
2025-01-22,electricity,3,kWh,83.96824532717419,0.3062005415318409,transport,A
2025-01-23,natural_gas,1,kWh,863.6676575278623,0.4570467559567882,supply_chain,C
2025-01-24,natural_gas,3,kWh,68.51762507034047,0.46154942039117935,supply_chain,C
2025-01-25,natural_gas,3,kWh,540.1290165394133,0.3639915963049188,transport,C
2025-01-26,electricity,3,kWh,89.81231587131508,0.40246513406012785,transport,B
2025-01-27,diesel,3,kWh,370.44769175051886,0.2882499953558558,transport,B
2025-01-28,natural_gas,3,kWh,41.38296427838607,0.3057039578533094,supply_chain,C
2025-01-29,diesel,2,kWh,138.7585495824372,0.3898854140146118,operations,A
2025-01-30,electricity,3,kWh,548.8284509594645,0.42741621893322934,supply_chain,B
2025-01-31,natural_gas,1,kWh,85.67733435512034,0.35546248572715444,transport,B
2025-02-01,diesel,1,kWh,383.7357016801469,0.2260372191552722,transport,B
2025-02-02,natural_gas,1,kWh,765.431943053365,0.371703938368264,supply_chain,C
2025-02-03,diesel,3,kWh,837.9188247663518,0.44121072269799755,transport,B
2025-02-04,natural_gas,1,kWh,864.6141964604053,0.32996170669235636,operations,C
2025-02-05,natural_gas,1,kWh,669.6197100168886,0.3849846558076353,transport,B
2025-02-06,electricity,2,kWh,295.2081034681959,0.24377714095500663,transport,C
2025-02-07,diesel,1,kWh,372.4123464905277,0.26274648284434104,operations,B
2025-02-08,electricity,2,kWh,110.63540053456684,0.3541033110924748,operations,C
2025-02-09,diesel,3,kWh,744.4089778950827,0.4894308745061719,transport,A
2025-02-10,diesel,2,kWh,373.24460299538794,0.2739876488902416,supply_chain,B
2025-02-11,diesel,2,kWh,125.49555560956745,0.3632790356809596,operations,B
2025-02-12,diesel,1,kWh,993.8043145300467,0.33722801157855914,supply_chain,B
2025-02-13,natural_gas,3,kWh,28.587962349439223,0.21542787013402398,operations,A
2025-02-14,diesel,2,kWh,763.4985874018707,0.25817002051672056,operations,A
2025-02-15,electricity,2,kWh,494.56315485874495,0.31825698486292,transport,C
2025-02-16,electricity,1,kWh,252.9297424739025,0.40754700622674683,transport,B
2025-02-17,diesel,3,kWh,424.2691860836477,0.4905572436159157,transport,B
2025-02-18,electricity,2,kWh,648.5232951538305,0.22646593632502018,operations,A
2025-02-19,diesel,3,kWh,538.9645150239123,0.3890039718110101,supply_chain,C
2025-02-20,diesel,1,kWh,547.6398554164002,0.2955530968787735,transport,A
2025-02-21,natural_gas,1,kWh,457.60469478060344,0.38722644075745105,operations,B
2025-02-22,natural_gas,1,kWh,795.1852019008873,0.28565803108868987,supply_chain,C
2025-02-23,electricity,1,kWh,601.16311029014,0.4839712797086726,supply_chain,C
2025-02-24,diesel,1,kWh,655.502832525694,0.49640006640296913,transport,A
2025-02-25,diesel,3,kWh,104.809493203704,0.24126576882406733,transport,C
2025-02-26,diesel,1,kWh,471.33657855967783,0.2881792214425212,operations,C
2025-02-27,natural_gas,3,kWh,617.230905182735,0.30885173741320476,supply_chain,B
2025-02-28,natural_gas,1,kWh,757.3920543412565,0.20853916586405624,operations,C
2025-03-01,natural_gas,2,kWh,827.043484510947,0.27339679007675577,operations,C
2025-03-02,electricity,1,kWh,597.8821540552732,0.20181027280344235,transport,A
2025-03-03,diesel,1,kWh,121.91533826661164,0.36053733443673497,operations,C
2025-03-04,diesel,2,kWh,108.52290162614258,0.41706013070298475,supply_chain,C
2025-03-05,diesel,3,kWh,445.5620133778719,0.2026364475784984,operations,C
2025-03-06,diesel,3,kWh,215.48550583831212,0.33505566876208204,transport,A
2025-03-07,electricity,2,kWh,81.67426281661892,0.3668417545422882,supply_chain,C
2025-03-08,diesel,3,kWh,803.4645860160218,0.4932506781606292,operations,B
2025-03-09,diesel,3,kWh,535.1355175349271,0.30471201298774764,supply_chain,C
2025-03-10,diesel,3,kWh,501.57032160194666,0.2757450887210583,transport,C
2025-03-11,electricity,1,kWh,332.20902386802743,0.42025696121086736,supply_chain,B
2025-03-12,electricity,3,kWh,431.78918804924797,0.3085362115449335,operations,A
2025-03-13,diesel,2,kWh,96.17323387227408,0.2428355938488284,transport,B
2025-03-14,natural_gas,1,kWh,691.3482762089274,0.21684004688601916,supply_chain,A
2025-03-15,natural_gas,2,kWh,60.008428632714576,0.44207646269963596,transport,B
2025-03-16,diesel,1,kWh,466.1016681099698,0.47863255960381174,operations,C
2025-03-17,electricity,2,kWh,667.1867876127367,0.2397566478205556,operations,A
2025-03-18,electricity,2,kWh,395.41764005554694,0.24945513448771087,transport,B
2025-03-19,diesel,2,kWh,820.9956260375519,0.42940022813344936,operations,C
2025-03-20,natural_gas,1,kWh,996.0523743047339,0.2199833635536551,transport,C
2025-03-21,electricity,1,kWh,660.7058057752837,0.4330670165338467,operations,C
2025-03-22,diesel,2,kWh,349.48050707704806,0.24502212292458544,transport,C
2025-03-23,natural_gas,3,kWh,127.91581164771193,0.2503706632053108,operations,B
2025-03-24,natural_gas,1,kWh,292.32021848465575,0.2537333343842437,transport,B
2025-03-25,diesel,3,kWh,566.3860439266966,0.27090469021845653,operations,B
2025-03-26,electricity,1,kWh,257.60854430608106,0.2694655943992574,supply_chain,C
2025-03-27,electricity,2,kWh,518.7156379671273,0.23577637000614193,transport,B
2025-03-28,electricity,2,kWh,827.9815452494807,0.2361780890935685,transport,A
2025-03-29,electricity,1,kWh,609.1585394888406,0.49465801347997596,operations,B
2025-03-30,diesel,1,kWh,954.0192079818972,0.38788101930445607,transport,A
2025-03-31,diesel,2,kWh,449.08367728315824,0.45792238448355455,operations,C
2025-04-01,natural_gas,3,kWh,807.1309214618042,0.44000530337320215,transport,A
2025-04-02,diesel,3,kWh,239.92297176626127,0.3440884650086286,supply_chain,A
2025-04-03,diesel,2,kWh,105.74129996479454,0.3020437576881677,transport,A
2025-04-04,diesel,1,kWh,211.72317192744913,0.3603308861742056,supply_chain,B
2025-04-05,electricity,3,kWh,300.10045568966245,0.2542022517479059,transport,B
2025-04-06,electricity,2,kWh,194.55846008074113,0.24118886804378717,supply_chain,A
2025-04-07,natural_gas,2,kWh,419.37194804892874,0.3148672178036964,operations,A
2025-04-08,electricity,1,kWh,376.0706258563479,0.2836155788519421,supply_chain,C
2025-04-09,diesel,3,kWh,737.2110039122052,0.48713536495524073,transport,C
2025-04-10,diesel,1,kWh,247.38697503373638,0.34334719091622923,operations,B
2025-04-11,natural_gas,2,kWh,752.406249044397,0.27704315760403064,transport,B
2025-04-12,diesel,3,kWh,208.80209899837038,0.499846790780106,supply_chain,C
2025-04-13,electricity,2,kWh,302.3599056533417,0.3970912665803715,operations,A
2025-04-14,diesel,3,kWh,973.7765513819887,0.30684059968474725,supply_chain,C
2025-04-15,electricity,2,kWh,902.1768037032417,0.36597951932873873,transport,A
2025-04-16,electricity,2,kWh,25.141218423978696,0.22271223792841066,transport,A
2025-04-17,electricity,1,kWh,163.0181319581997,0.4543189414308917,transport,A
2025-04-18,natural_gas,3,kWh,249.67429365639777,0.3254706760719759,supply_chain,B
2025-04-19,natural_gas,2,kWh,820.954916471306,0.3165678891150376,transport,A
2025-04-20,natural_gas,1,kWh,574.9392827644823,0.38273834533079776,operations,C
2025-04-21,natural_gas,3,kWh,483.1875350812603,0.26529590194430286,supply_chain,A
2025-04-22,electricity,1,kWh,210.84580578625577,0.2710907236654384,supply_chain,C
2025-04-23,natural_gas,1,kWh,982.7914938179402,0.43836496131112984,transport,C
2025-04-24,diesel,2,kWh,470.85373721066804,0.3867886043470007,operations,A
2025-04-25,electricity,2,kWh,263.49878841077634,0.3386042549105045,transport,C
2025-04-26,natural_gas,1,kWh,598.7236423017429,0.498183312674495,operations,A
2025-04-27,electricity,1,kWh,610.3449533948747,0.4818958259813229,operations,C
2025-04-28,diesel,3,kWh,500.58661182954575,0.33723763865701734,transport,A
2025-04-29,diesel,2,kWh,316.2517407299821,0.4421768881679864,transport,A
2025-04-30,natural_gas,3,kWh,531.5082342623467,0.2640521385717408,transport,A
2025-05-01,diesel,2,kWh,26.64820595480399,0.33263524326031935,supply_chain,A
2025-05-02,electricity,1,kWh,123.12695235543056,0.2844095105526556,transport,B
2025-05-03,natural_gas,2,kWh,787.5340504908891,0.20630405234248475,operations,B
2025-05-04,diesel,1,kWh,398.51333458680676,0.3876415137912718,operations,C
2025-05-05,natural_gas,1,kWh,994.4166291942744,0.45394769674864555,transport,C
2025-05-06,natural_gas,2,kWh,759.6472167037871,0.26444600571890914,supply_chain,C
2025-05-07,diesel,3,kWh,621.0578730817217,0.3210706197862395,supply_chain,C
2025-05-08,diesel,2,kWh,930.9565124800281,0.24308978502801315,transport,A
2025-05-09,diesel,2,kWh,761.4303300245942,0.3372480055464919,transport,B
2025-05-10,electricity,2,kWh,546.8657199947406,0.46410542054587917,supply_chain,B
2025-05-11,natural_gas,3,kWh,795.757541689529,0.39442979411046564,supply_chain,B
2025-05-12,diesel,3,kWh,912.5721782167774,0.4866271831575049,transport,C
2025-05-13,natural_gas,2,kWh,910.7788146635544,0.4256601864641407,operations,A
2025-05-14,electricity,1,kWh,673.5745520191871,0.2917997440996223,supply_chain,B
2025-05-15,electricity,2,kWh,296.33970088106855,0.4829813837613879,operations,C
2025-05-16,diesel,1,kWh,695.1932717957483,0.3317497095981776,supply_chain,C
2025-05-17,electricity,1,kWh,496.7961210614555,0.30270334509312957,transport,C
2025-05-18,diesel,1,kWh,908.3252327680746,0.4141399215334154,transport,B
2025-05-19,electricity,2,kWh,787.2730238481888,0.3087324709704548,supply_chain,C
2025-05-20,diesel,1,kWh,513.4346037765297,0.395612504853721,operations,A
2025-05-21,electricity,3,kWh,790.2513017311252,0.3245437268060874,supply_chain,B
2025-05-22,diesel,2,kWh,474.03099809460804,0.23262768621024926,operations,C
2025-05-23,natural_gas,2,kWh,298.302574927865,0.21131299847263818,transport,C
2025-05-24,natural_gas,1,kWh,708.6347531609186,0.31225647007391133,operations,A
2025-05-25,electricity,1,kWh,878.4655386988043,0.4342309241539031,operations,B
2025-05-26,natural_gas,3,kWh,702.0849861538258,0.25831338447929353,supply_chain,B
2025-05-27,diesel,2,kWh,716.3531773641643,0.45198970078443,operations,B
2025-05-28,natural_gas,3,kWh,625.0793546740584,0.2326822950342013,transport,C
2025-05-29,electricity,3,kWh,609.1808153674008,0.4984711630588118,operations,B
2025-05-30,electricity,2,kWh,711.2459689566749,0.4816837278114299,supply_chain,A
2025-05-31,natural_gas,2,kWh,927.5199765169589,0.4236381447689082,transport,C
2025-06-01,electricity,3,kWh,526.2942651364543,0.42556362977925427,supply_chain,C
2025-06-02,electricity,3,kWh,502.05384819711156,0.4450195216856027,transport,B
2025-06-03,diesel,1,kWh,294.7116679194477,0.396526008074921,transport,B
2025-06-04,natural_gas,1,kWh,361.1170264866301,0.3961195146010797,transport,B
2025-06-05,diesel,3,kWh,773.910590729915,0.4914912561057216,transport,B
2025-06-06,diesel,3,kWh,285.8753038929568,0.2978828922441835,supply_chain,C
2025-06-07,electricity,3,kWh,795.7527954738036,0.28610753460223104,supply_chain,C
2025-06-08,diesel,2,kWh,911.6727891499196,0.23912155760057166,supply_chain,C
2025-06-09,diesel,3,kWh,458.0401550791933,0.4857009438754355,operations,B
2025-06-10,electricity,1,kWh,386.6880407386044,0.4471198346045142,supply_chain,A
2025-06-11,diesel,3,kWh,115.06915880840957,0.4321791923478254,supply_chain,B
2025-06-12,electricity,3,kWh,221.43955657022747,0.3424337910357901,operations,B
2025-06-13,natural_gas,1,kWh,802.8105318818075,0.39486299050156354,operations,C
2025-06-14,natural_gas,1,kWh,420.22569943180997,0.31012237023957556,supply_chain,B
2025-06-15,natural_gas,3,kWh,754.8986611320171,0.2862413518805531,transport,A
2025-06-16,electricity,3,kWh,273.5568704364899,0.21419072038485612,transport,C
2025-06-17,diesel,2,kWh,838.1943523440141,0.22595848903314775,operations,C
2025-06-18,electricity,1,kWh,663.6291495977598,0.4745156438751181,operations,A
2025-06-19,electricity,3,kWh,542.0751724152152,0.20356438411765165,transport,A
2025-06-20,electricity,1,kWh,783.9375491170578,0.45127142363458095,transport,C
2025-06-21,electricity,2,kWh,40.367535400883845,0.3206432313835845,supply_chain,B
2025-06-22,electricity,2,kWh,961.067250330186,0.2775445636572575,operations,B
2025-06-23,natural_gas,1,kWh,976.8605328346497,0.2573331412872348,operations,B
2025-06-24,electricity,2,kWh,847.7607994603877,0.4365548848057818,supply_chain,B
2025-06-25,diesel,2,kWh,907.4051479565164,0.37833584101691137,operations,C
2025-06-26,diesel,3,kWh,73.10220601378572,0.3412530326283705,operations,C
2025-06-27,natural_gas,2,kWh,618.5797267023025,0.21874959140112682,supply_chain,B
2025-06-28,electricity,1,kWh,23.661509296656376,0.3121510308135678,operations,A
2025-06-29,diesel,1,kWh,749.3721545381901,0.4944960097380458,operations,A
2025-06-30,electricity,3,kWh,667.6013251599395,0.2983858326435773,transport,A
2025-07-01,natural_gas,1,kWh,729.2914682241211,0.3951872494889366,operations,A
2025-07-02,diesel,2,kWh,487.8627164060218,0.2098760833043381,supply_chain,C
2025-07-03,electricity,3,kWh,230.14487311091338,0.2827683798027566,transport,A
2025-07-04,diesel,1,kWh,887.0395222542278,0.3018448055811446,transport,A
2025-07-05,diesel,3,kWh,689.1844741951941,0.3729012841292687,transport,B
2025-07-06,natural_gas,1,kWh,521.1874795724289,0.26598607596112345,operations,A
2025-07-07,electricity,1,kWh,539.9459378921983,0.20948627896967548,supply_chain,A
2025-07-08,diesel,2,kWh,170.1674387151695,0.2599237691644154,transport,B
2025-07-09,natural_gas,1,kWh,392.24819066127833,0.46242994719903235,supply_chain,B
2025-07-10,electricity,1,kWh,763.8445514164684,0.2564848759802414,operations,B
2025-07-11,diesel,2,kWh,835.0116571049456,0.2638995588259488,supply_chain,A
2025-07-12,diesel,2,kWh,735.2768092835217,0.2777037201766892,transport,B
2025-07-13,natural_gas,2,kWh,207.7283065363706,0.4866934161868144,operations,C
2025-07-14,diesel,3,kWh,743.8988027945596,0.47352327370607955,operations,B
2025-07-15,natural_gas,3,kWh,391.47429770785004,0.39050683280572385,supply_chain,B
2025-07-16,natural_gas,2,kWh,72.26494395454098,0.32786906620087575,operations,C
2025-07-17,natural_gas,1,kWh,518.7225683653581,0.496049252346121,supply_chain,A
2025-07-18,electricity,3,kWh,681.2942830303045,0.3174583247095563,transport,B
2025-07-19,diesel,3,kWh,59.966716174587155,0.38171632189782745,transport,C
2025-07-20,diesel,2,kWh,508.527592097086,0.22087229991438523,operations,C
2025-07-21,natural_gas,2,kWh,470.7457759971835,0.39554530069043514,transport,C
2025-07-22,diesel,1,kWh,342.85563179075166,0.44502463827054595,transport,B
2025-07-23,diesel,3,kWh,82.66400005417027,0.29400575104606474,transport,B
2025-07-24,diesel,3,kWh,968.521513111475,0.27714757247476907,operations,B
2025-07-25,natural_gas,1,kWh,599.5105256062459,0.40329029581997455,supply_chain,A
2025-07-26,diesel,1,kWh,21.45142712058307,0.4351931099986252,supply_chain,B
2025-07-27,diesel,3,kWh,633.9023376776202,0.39017641043258733,supply_chain,B
2025-07-28,electricity,3,kWh,388.46146321303223,0.23942029140864488,transport,C
2025-07-29,electricity,3,kWh,116.59677496214168,0.3563696825672042,transport,C
2025-07-30,electricity,3,kWh,115.24133266113724,0.44024955278463873,supply_chain,C
2025-07-31,natural_gas,1,kWh,89.96007809054902,0.28574787425011444,transport,B
2025-08-01,diesel,1,kWh,714.8761513025253,0.21957348923522546,supply_chain,A
2025-08-02,diesel,1,kWh,202.09091433148734,0.31367312345366943,transport,A
2025-08-03,diesel,2,kWh,93.50544026402713,0.4942363556599312,operations,A
2025-08-04,diesel,1,kWh,954.4636413980452,0.30895416188376323,supply_chain,C
2025-08-05,diesel,2,kWh,825.8268993738217,0.23864241367712385,supply_chain,A
2025-08-06,electricity,3,kWh,654.6559177051336,0.25530944168804404,transport,B
2025-08-07,diesel,3,kWh,405.2697303246569,0.3185874801580214,transport,B
2025-08-08,natural_gas,2,kWh,288.8209948869281,0.275689532905888,supply_chain,C
2025-08-09,electricity,1,kWh,787.4400691668573,0.381627062431541,supply_chain,A
2025-08-10,natural_gas,1,kWh,292.3032051803011,0.2998141925563163,operations,B
2025-08-11,natural_gas,2,kWh,617.7425175949551,0.4414494313111851,supply_chain,C
2025-08-12,diesel,3,kWh,543.0843804574919,0.28142795976704604,supply_chain,A
2025-08-13,diesel,2,kWh,198.13646884648014,0.4201072663942442,transport,A
2025-08-14,diesel,1,kWh,391.36360596447327,0.2493639922992248,operations,C
2025-08-15,electricity,1,kWh,945.311546980576,0.30422670475982816,operations,B
2025-08-16,electricity,3,kWh,696.391638377279,0.36360050504975605,supply_chain,A
2025-08-17,electricity,1,kWh,538.2467563610767,0.4157748662876318,supply_chain,C
2025-08-18,diesel,1,kWh,679.1301110108731,0.38456031733614165,transport,A
2025-08-19,diesel,2,kWh,688.8375810581773,0.33876932506600355,supply_chain,C
2025-08-20,diesel,2,kWh,864.4626366866828,0.43804132920556704,supply_chain,C
2025-08-21,natural_gas,2,kWh,43.6390026595976,0.26867092174379875,transport,C
2025-08-22,electricity,2,kWh,340.69367388665904,0.4856278339630215,operations,C
2025-08-23,natural_gas,1,kWh,124.6869961431888,0.32784648299209695,operations,A
2025-08-24,natural_gas,2,kWh,129.47903882117606,0.46772506975668926,supply_chain,A
2025-08-25,diesel,3,kWh,442.7440536539262,0.20412313959899644,transport,C
2025-08-26,natural_gas,1,kWh,384.05450913132904,0.48620467369745723,transport,A
2025-08-27,diesel,2,kWh,449.88105284656444,0.4507039653670852,transport,A
2025-08-28,electricity,1,kWh,484.445550544406,0.2994233667998826,operations,C
2025-08-29,natural_gas,1,kWh,384.2713789204976,0.47952386271290515,operations,B
2025-08-30,diesel,3,kWh,910.4653481845885,0.442251937246606,transport,A
2025-08-31,natural_gas,1,kWh,646.7882263196608,0.4488180567089287,supply_chain,A
2025-09-01,electricity,3,kWh,312.2790608041906,0.39099434981814024,supply_chain,A
2025-09-02,electricity,1,kWh,108.19697013335005,0.20883771161722475,transport,B
2025-09-03,natural_gas,2,kWh,905.8320505591657,0.42793356062779764,transport,B
2025-09-04,natural_gas,3,kWh,479.9729217003766,0.23971470329266714,operations,A
2025-09-05,diesel,1,kWh,267.24018377365127,0.3459819722981085,transport,A
2025-09-06,diesel,2,kWh,313.71534178496734,0.3640271404609368,operations,B
2025-09-07,diesel,2,kWh,728.1369503214722,0.3302684908041885,supply_chain,B
2025-09-08,natural_gas,2,kWh,942.8586236364242,0.3581693753614752,transport,C
2025-09-09,diesel,3,kWh,112.70154743940556,0.4592469608520125,operations,A
2025-09-10,diesel,3,kWh,763.8720253761315,0.2055781842910821,supply_chain,A
2025-09-11,electricity,3,kWh,817.9279935710078,0.4798237977940551,supply_chain,B
2025-09-12,electricity,2,kWh,666.1244767940142,0.21269807928274653,operations,B
2025-09-13,diesel,1,kWh,227.6527197780871,0.4771070794966994,supply_chain,A
2025-09-14,diesel,1,kWh,506.32562704050224,0.2390506565767459,transport,B
2025-09-15,diesel,2,kWh,425.68059454174727,0.4759374833143283,transport,C
2025-09-16,natural_gas,1,kWh,772.0706987442217,0.37216086147020433,supply_chain,C
2025-09-17,natural_gas,1,kWh,873.1825723307154,0.26109961753946986,operations,B
2025-09-18,natural_gas,3,kWh,94.65800463326359,0.4446787399583436,supply_chain,C
2025-09-19,electricity,1,kWh,687.9220711065025,0.21472281913914698,transport,B
2025-09-20,diesel,3,kWh,982.8739326671521,0.31511722727060265,transport,C
2025-09-21,natural_gas,2,kWh,648.5633478547475,0.23327347567112452,transport,A
2025-09-22,natural_gas,3,kWh,16.70884255058221,0.22289410832894985,supply_chain,A
2025-09-23,diesel,1,kWh,262.7995282572374,0.3634835811614474,supply_chain,A
2025-09-24,electricity,1,kWh,255.07466733869225,0.2554901846165508,operations,C
2025-09-25,electricity,2,kWh,663.5967651868638,0.3984156769952476,transport,C
2025-09-26,natural_gas,2,kWh,523.938508402029,0.20572558661670626,operations,B
2025-09-27,natural_gas,1,kWh,690.4550137672277,0.40391099232434724,operations,A
2025-09-28,electricity,1,kWh,598.381348259867,0.29167962276493065,transport,C
2025-09-29,electricity,3,kWh,241.70394828162034,0.3952729568839791,supply_chain,B
2025-09-30,electricity,1,kWh,164.16664935663613,0.2204056079449051,operations,A
2025-10-01,electricity,3,kWh,145.94522539517976,0.29311326308276864,operations,A
2025-10-02,natural_gas,1,kWh,145.61503594603565,0.2124741878903995,transport,C
2025-10-03,electricity,3,kWh,686.1801217480007,0.31490536705784544,supply_chain,B
2025-10-04,natural_gas,3,kWh,433.24849374247026,0.4396433163790775,supply_chain,C
2025-10-05,natural_gas,3,kWh,483.65353930125906,0.25142884692317197,supply_chain,A
2025-10-06,diesel,2,kWh,887.136185205451,0.39541896362683926,transport,B
2025-10-07,electricity,3,kWh,680.256097556128,0.3865604287237141,transport,C
2025-10-08,diesel,1,kWh,785.8718384974168,0.49016748445597136,operations,C
2025-10-09,electricity,3,kWh,878.794343517427,0.2147317278924259,operations,C
2025-10-10,diesel,2,kWh,635.458862293945,0.2595919087472245,supply_chain,B
2025-10-11,electricity,1,kWh,444.1844071639199,0.45698012883235095,transport,A
2025-10-12,electricity,2,kWh,940.2021835748565,0.35580981173554876,operations,B
2025-10-13,diesel,3,kWh,381.2592484307991,0.4092882457367505,transport,C
2025-10-14,electricity,2,kWh,587.5954178780977,0.3964270918731342,supply_chain,C
2025-10-15,natural_gas,3,kWh,223.6937844603524,0.20992964910126216,supply_chain,C
2025-10-16,natural_gas,1,kWh,41.71947879692969,0.23213595154121186,operations,B
2025-10-17,natural_gas,1,kWh,139.18308302043232,0.3824534469241846,operations,A
2025-10-18,natural_gas,3,kWh,994.053035945844,0.3247889605361964,supply_chain,A
2025-10-19,electricity,3,kWh,308.1227759466947,0.27232339670423467,operations,A
2025-10-20,natural_gas,1,kWh,905.7841295883953,0.2682440128116987,operations,C
2025-10-21,natural_gas,3,kWh,524.0579726152515,0.323565729945703,transport,C
2025-10-22,electricity,1,kWh,275.85821963377344,0.23487618166123492,supply_chain,C
2025-10-23,electricity,3,kWh,342.14748285657305,0.4392244779027085,operations,A
2025-10-24,electricity,3,kWh,20.372260082790575,0.31089723434338146,operations,A
2025-10-25,natural_gas,3,kWh,830.5831403264879,0.3940425640838593,transport,B
2025-10-26,diesel,2,kWh,466.9772382446864,0.3869367145298754,supply_chain,A
2025-10-27,electricity,1,kWh,823.7309374067161,0.2323078711177419,supply_chain,C
2025-10-28,electricity,2,kWh,620.6856803996941,0.20537705823781915,operations,C
2025-10-29,electricity,1,kWh,58.923254074658956,0.4312497358398954,supply_chain,A
2025-10-30,diesel,2,kWh,531.3227681998724,0.37331523947266954,supply_chain,C
2025-10-31,natural_gas,2,kWh,298.87934001369257,0.23015928636116093,transport,B
2025-11-01,diesel,2,kWh,719.5140297996165,0.3840853915091741,supply_chain,A
2025-11-02,diesel,2,kWh,711.1502730233102,0.24802146121590396,operations,A
2025-11-03,natural_gas,1,kWh,254.63436371706544,0.4950620284906492,operations,B
2025-11-04,natural_gas,2,kWh,270.13041115304907,0.22718912299326174,supply_chain,A
2025-11-05,natural_gas,2,kWh,820.3736788729041,0.4715835162665386,operations,A
2025-11-06,natural_gas,1,kWh,770.3866014156629,0.2065169134069264,operations,C
2025-11-07,diesel,1,kWh,309.56977816543963,0.3298051331847548,operations,B
2025-11-08,electricity,3,kWh,273.9691389769103,0.31664466978444533,operations,B
2025-11-09,natural_gas,2,kWh,683.4907988636774,0.24018166021269763,operations,C
2025-11-10,electricity,1,kWh,586.3838646439033,0.41775559829034714,operations,A
2025-11-11,electricity,2,kWh,736.4839277886698,0.4588667914577127,supply_chain,B
2025-11-12,electricity,3,kWh,379.96877285845665,0.2579878743391869,transport,A
2025-11-13,electricity,2,kWh,537.4798078449162,0.2654490467036474,supply_chain,B
2025-11-14,diesel,2,kWh,167.71605008723733,0.30710568018748735,operations,B
2025-11-15,electricity,3,kWh,489.6386638460157,0.39502791747128396,operations,B
2025-11-16,electricity,2,kWh,946.243889168467,0.2526106568720149,operations,C
2025-11-17,electricity,2,kWh,108.4121875926602,0.36255928781297503,supply_chain,C
2025-11-18,diesel,2,kWh,438.8536757684627,0.4925747297263107,transport,B
2025-11-19,electricity,2,kWh,420.6487678897773,0.32686441099789926,transport,C
2025-11-20,electricity,1,kWh,175.0683842340493,0.4226606439234707,operations,A
2025-11-21,electricity,1,kWh,605.852580085062,0.41645927135338207,operations,C
2025-11-22,natural_gas,3,kWh,611.6986508559021,0.49217655473023364,transport,A
2025-11-23,diesel,3,kWh,78.34061547907186,0.2961505137113956,operations,C
2025-11-24,electricity,2,kWh,484.58593195526754,0.3568823382373961,operations,A
2025-11-25,natural_gas,1,kWh,192.09698998991712,0.26969593292628846,supply_chain,B
2025-11-26,electricity,2,kWh,190.3304994415214,0.2665204540993233,supply_chain,B
2025-11-27,diesel,1,kWh,466.16763264571426,0.43869408312225977,operations,B
2025-11-28,diesel,3,kWh,668.7732813299295,0.28667053980630386,transport,C
2025-11-29,diesel,3,kWh,830.1399210144588,0.47346443731992716,supply_chain,C
2025-11-30,diesel,2,kWh,661.104748751391,0.3562558933264147,transport,A
2025-12-01,natural_gas,3,kWh,849.4673172941385,0.21096149664430203,transport,A
2025-12-02,natural_gas,1,kWh,612.7809423693288,0.4196385884323194,supply_chain,C
2025-12-03,electricity,2,kWh,519.4344066633753,0.2574661084896082,supply_chain,C
2025-12-04,diesel,3,kWh,704.7459770968743,0.20146543379778875,operations,A
2025-12-05,natural_gas,1,kWh,678.34997882355,0.30109984904990805,operations,B
2025-12-06,electricity,2,kWh,583.5740013882426,0.4927866690055864,supply_chain,C
2025-12-07,electricity,3,kWh,551.0510330203638,0.3701633196666203,supply_chain,B
2025-12-08,natural_gas,3,kWh,131.87136402698434,0.25081217710137343,transport,B
2025-12-09,natural_gas,1,kWh,64.12375525276121,0.3438036124902898,operations,B
2025-12-10,natural_gas,2,kWh,170.46888394505163,0.37425672945293664,operations,C
2025-12-11,diesel,3,kWh,68.5402929535738,0.34235280563471104,supply_chain,C
2025-12-12,diesel,1,kWh,368.9313973918408,0.40161587930256804,operations,C
2025-12-13,natural_gas,2,kWh,943.1307011029597,0.2583380713445528,transport,C
2025-12-14,electricity,1,kWh,581.894093267459,0.23721177777023397,supply_chain,A
2025-12-15,electricity,1,kWh,880.0070617031294,0.32901924495079604,supply_chain,C
2025-12-16,electricity,2,kWh,220.81809665778775,0.4285066922208682,transport,B
2025-12-17,diesel,2,kWh,653.8773867222992,0.4287846312294047,transport,A
2025-12-18,electricity,1,kWh,373.37358923661077,0.3714089106430272,operations,A
2025-12-19,natural_gas,1,kWh,735.2529511307566,0.44704060204720886,operations,C
2025-12-20,diesel,3,kWh,315.8894574402338,0.48160895905081014,supply_chain,A
2025-12-21,diesel,1,kWh,129.13691276162945,0.38537252974245306,operations,A
2025-12-22,natural_gas,3,kWh,336.87406606323975,0.48710281151420215,supply_chain,A
2025-12-23,electricity,1,kWh,423.9963637285175,0.20455326475747337,operations,A
2025-12-24,electricity,2,kWh,358.27446247566917,0.49175378687414145,operations,C
2025-12-25,natural_gas,3,kWh,796.938692771296,0.4346555036525571,operations,A
2025-12-26,electricity,2,kWh,252.01180624028706,0.2617904797349135,supply_chain,C
2025-12-27,diesel,3,kWh,409.26970008218615,0.2541401420007089,transport,C
2025-12-28,natural_gas,3,kWh,703.109787146544,0.21812090187866562,operations,C
2025-12-29,diesel,2,kWh,821.9799693126328,0.23746359595724464,supply_chain,B
2025-12-30,natural_gas,2,kWh,132.60600303542031,0.3988920512270254,supply_chain,C
2025-12-31,natural_gas,2,kWh,19.731951846509272,0.29111564755353425,operations,C
2026-01-01,electricity,1,kWh,736.4722568845032,0.4324692746358595,transport,C
2026-01-02,electricity,2,kWh,429.9717888208377,0.3393843932981774,transport,C
2026-01-03,diesel,3,kWh,864.4507820828705,0.4858700310337054,transport,A
2026-01-04,diesel,3,kWh,693.8193382112888,0.3624566558212046,operations,B
2026-01-05,electricity,3,kWh,14.803964493312128,0.49163904420974885,operations,A
2026-01-06,electricity,1,kWh,455.92739543992036,0.21681052613199953,supply_chain,B
2026-01-07,diesel,3,kWh,112.39900781792326,0.4327971453293926,supply_chain,A
2026-01-08,natural_gas,3,kWh,682.2947315850103,0.49108813140281493,operations,B
2026-01-09,natural_gas,1,kWh,267.113256283833,0.39902151717768675,transport,B
2026-01-10,natural_gas,3,kWh,967.2528395436237,0.2463709154118458,supply_chain,B
2026-01-11,natural_gas,3,kWh,85.11064007304252,0.4884449566287473,supply_chain,A
2026-01-12,diesel,2,kWh,632.2046152989923,0.3768013283927436,operations,B
2026-01-13,diesel,2,kWh,495.5593897441783,0.2300764134944328,supply_chain,B
2026-01-14,diesel,2,kWh,119.97554829363578,0.3725676438552792,operations,B
2026-01-15,electricity,2,kWh,879.23378391739,0.48732700853137206,transport,C
2026-01-16,electricity,3,kWh,108.92189585119745,0.297308272382084,operations,A
2026-01-17,electricity,1,kWh,948.9444785706671,0.3771256880674634,transport,B
2026-01-18,electricity,1,kWh,675.8339613937774,0.3499758056450337,supply_chain,B
2026-01-19,diesel,3,kWh,981.9023692398415,0.42319180118844657,supply_chain,C
2026-01-20,electricity,1,kWh,688.1138764917857,0.48297551371173664,operations,B
2026-01-21,diesel,2,kWh,706.9306536558274,0.20007564245685516,supply_chain,A
2026-01-22,natural_gas,1,kWh,231.30836043718813,0.30799802949769384,supply_chain,A
2026-01-23,natural_gas,2,kWh,783.7914591152457,0.3069816951441251,supply_chain,A
2026-01-24,natural_gas,1,kWh,502.4286921441101,0.3856253613688779,supply_chain,A
2026-01-25,natural_gas,2,kWh,294.54997075946756,0.44004585649237166,supply_chain,A
2026-01-26,natural_gas,2,kWh,811.4798441622323,0.3269300291007652,operations,C
2026-01-27,electricity,1,kWh,434.7587870233062,0.370480715124452,operations,C
2026-01-28,diesel,2,kWh,780.3704880115735,0.20994409873374292,transport,C
2026-01-29,natural_gas,3,kWh,466.21831912892924,0.3673207187946828,supply_chain,A
2026-01-30,natural_gas,3,kWh,684.8930618021676,0.2076572151972393,supply_chain,A
2026-01-31,natural_gas,2,kWh,158.21826643478911,0.27744178149642384,operations,A
2026-02-01,diesel,2,kWh,92.527364553782,0.4019226730954685,transport,B
2026-02-02,natural_gas,3,kWh,938.9516015930525,0.49003004200482964,supply_chain,C
2026-02-03,electricity,1,kWh,606.2646420315596,0.3944316880126336,operations,C
2026-02-04,electricity,3,kWh,552.6298557415562,0.43316969657222304,supply_chain,C
2026-02-05,electricity,3,kWh,131.482848065901,0.22495668845208883,transport,B
2026-02-06,electricity,1,kWh,763.9260807897147,0.22387786386407155,supply_chain,C
2026-02-07,electricity,1,kWh,71.71616643968557,0.29313749964931063,operations,A
2026-02-08,electricity,1,kWh,387.55205681322644,0.45389824794767597,operations,B
2026-02-09,natural_gas,1,kWh,710.7602039374466,0.2949289636823915,supply_chain,B
2026-02-10,natural_gas,1,kWh,480.63222361432327,0.22323490952198496,operations,B
2026-02-11,diesel,1,kWh,320.6884132579922,0.29077881091603036,transport,B
2026-02-12,diesel,1,kWh,20.124466427830257,0.2295371109723657,transport,C
2026-02-13,electricity,3,kWh,951.2732508220527,0.4651952573390709,transport,B
2026-02-14,diesel,2,kWh,264.40443134026145,0.3460684562666977,supply_chain,A
2026-02-15,natural_gas,2,kWh,473.31513180843746,0.45282278113472363,transport,C
2026-02-16,natural_gas,3,kWh,870.4307362686302,0.30544924602408974,transport,B
2026-02-17,natural_gas,2,kWh,264.819237285523,0.45606133379121555,operations,B
2026-02-18,electricity,1,kWh,264.41744150462296,0.2767500011635509,supply_chain,B
2026-02-19,natural_gas,2,kWh,535.6085916360294,0.46820341591468756,transport,B
2026-02-20,diesel,1,kWh,228.1676539778658,0.40067742400592876,operations,A
2026-02-21,natural_gas,1,kWh,369.9937761931931,0.38995164591834874,transport,B
2026-02-22,natural_gas,1,kWh,683.7930954197233,0.37500597009985154,supply_chain,B
2026-02-23,diesel,1,kWh,969.0314266945188,0.28213980461432353,supply_chain,C
2026-02-24,electricity,2,kWh,234.80564100754242,0.20796142122800465,operations,A
2026-02-25,natural_gas,3,kWh,822.66356437123,0.46188644005807367,supply_chain,B
2026-02-26,electricity,2,kWh,625.7539401469038,0.2857033043249294,operations,C
2026-02-27,diesel,3,kWh,578.2871602233716,0.2249188900090975,transport,A
2026-02-28,natural_gas,2,kWh,274.20822252810973,0.4624379161716576,supply_chain,A
2026-03-01,natural_gas,1,kWh,569.0958403464666,0.21965358326954995,transport,A
2026-03-02,diesel,2,kWh,25.42998720278613,0.3277765582468073,transport,A
2026-03-03,diesel,1,kWh,422.3407969790263,0.26785019089597745,transport,B
2026-03-04,diesel,2,kWh,66.44973413376059,0.488784634582913,operations,C
2026-03-05,natural_gas,1,kWh,696.4588638729406,0.2667595749299863,supply_chain,C
2026-03-06,natural_gas,1,kWh,966.1453916178949,0.2818246285708175,supply_chain,A
2026-03-07,natural_gas,1,kWh,658.2513691930599,0.4362814050684083,operations,C
2026-03-08,diesel,2,kWh,134.8209528450065,0.49485365697566164,transport,C
2026-03-09,natural_gas,2,kWh,231.0920422615338,0.21305094613509395,transport,A
2026-03-10,diesel,1,kWh,874.6150935643884,0.2855877350785012,transport,C
2026-03-11,electricity,2,kWh,14.392086966951165,0.42855447397181246,supply_chain,A
2026-03-12,diesel,2,kWh,888.3258072313475,0.26296250817051936,supply_chain,C
2026-03-13,diesel,2,kWh,952.0647312797736,0.457508726755735,supply_chain,B
2026-03-14,electricity,1,kWh,793.7416661268152,0.3187365534942291,supply_chain,C
2026-03-15,diesel,1,kWh,936.6861106629616,0.3495879993862959,operations,B
2026-03-16,natural_gas,1,kWh,100.42219913790423,0.48101774930453867,operations,C
2026-03-17,electricity,1,kWh,377.15617381948147,0.4545508212801646,transport,C
2026-03-18,natural_gas,1,kWh,469.6159173365488,0.48225881133402493,operations,B
2026-03-19,natural_gas,3,kWh,767.1046970144703,0.4681212531814525,transport,A
2026-03-20,natural_gas,1,kWh,827.9682394930512,0.24464918201316704,operations,C
2026-03-21,natural_gas,3,kWh,37.59062321844013,0.2254003647441683,transport,B
2026-03-22,diesel,3,kWh,47.061741517119586,0.20893216609613874,operations,B
2026-03-23,natural_gas,3,kWh,469.16800069735933,0.48773038882303393,operations,A
2026-03-24,natural_gas,2,kWh,558.6980322916991,0.2402272956310693,supply_chain,A
2026-03-25,electricity,1,kWh,652.1908430043862,0.2088519718474131,transport,B
2026-03-26,diesel,1,kWh,18.098549882531444,0.4601471632333312,supply_chain,A
2026-03-27,electricity,2,kWh,768.5763591801682,0.3190355949838681,supply_chain,B
2026-03-28,diesel,2,kWh,264.96562611524325,0.2632751262376556,operations,C
2026-03-29,diesel,3,kWh,623.1757941886224,0.3134035820155148,operations,C
2026-03-30,diesel,1,kWh,913.8123913745043,0.24808183178443852,supply_chain,A
2026-03-31,electricity,3,kWh,997.6553591302663,0.2597081544329447,transport,C
2026-04-01,natural_gas,3,kWh,158.32293207841244,0.21795630939865027,transport,A
2026-04-02,diesel,3,kWh,813.17510203643,0.44848408182881483,operations,C
2026-04-03,natural_gas,1,kWh,262.3946806767418,0.2712157899438575,supply_chain,A
2026-04-04,electricity,1,kWh,728.4554968771174,0.24160668977307803,transport,C
2026-04-05,natural_gas,3,kWh,855.6748326203808,0.4572777791141858,supply_chain,C
2026-04-06,electricity,2,kWh,296.25027808799626,0.2957838211934055,operations,B
2026-04-07,natural_gas,1,kWh,367.1349753429906,0.25800151390567166,supply_chain,B
2026-04-08,diesel,1,kWh,154.53340553422947,0.3699345702904434,transport,C
2026-04-09,electricity,2,kWh,245.7247865545254,0.2506496741000746,transport,A
2026-04-10,natural_gas,1,kWh,724.9901386501855,0.24294795321813864,transport,A
2026-04-11,diesel,3,kWh,160.19320040564816,0.40143742136636085,operations,B
2026-04-12,electricity,1,kWh,135.31657008644004,0.2889803570013411,supply_chain,C
2026-04-13,diesel,1,kWh,745.5673497090878,0.40933120375351395,supply_chain,B
2026-04-14,diesel,1,kWh,121.55698135820278,0.4832381307528842,supply_chain,B
2026-04-15,diesel,2,kWh,854.7402549760028,0.21153700736105108,supply_chain,A
2026-04-16,diesel,2,kWh,83.11887422589609,0.38473655232697224,supply_chain,C
2026-04-17,electricity,1,kWh,563.8552560860534,0.4438524094672162,operations,A
2026-04-18,diesel,3,kWh,776.0530991559668,0.4965406538064842,supply_chain,C
2026-04-19,diesel,3,kWh,475.3408897107619,0.40615300584109537,operations,A
2026-04-20,natural_gas,2,kWh,750.4484072718343,0.2516289978593328,operations,B
2026-04-21,natural_gas,2,kWh,856.5925214922164,0.24143385766453668,operations,A
2026-04-22,electricity,3,kWh,374.2343500833184,0.21916078692649354,supply_chain,C
2026-04-23,electricity,3,kWh,882.913643263328,0.32490810623388844,operations,B
2026-04-24,electricity,3,kWh,99.43075666798208,0.3367055137838937,operations,C
2026-04-25,diesel,3,kWh,238.898554618637,0.26887788490668135,supply_chain,A
2026-04-26,natural_gas,1,kWh,20.43865916242318,0.20544530117835968,supply_chain,C
2026-04-27,natural_gas,2,kWh,884.6159433106392,0.21492279451241564,supply_chain,B
2026-04-28,electricity,2,kWh,463.0812514333514,0.21707980376571945,operations,B
2026-04-29,diesel,3,kWh,628.5477917314649,0.3302736041442945,transport,A
2026-04-30,diesel,2,kWh,795.8544998534774,0.29140023574050344,transport,B
2026-05-01,electricity,2,kWh,283.703974950985,0.2398514585106805,supply_chain,A
2026-05-02,natural_gas,2,kWh,739.8931848736338,0.4654841133610632,supply_chain,B
2026-05-03,electricity,1,kWh,766.5462130775829,0.4123166607817337,transport,A
2026-05-04,diesel,1,kWh,297.00175948790024,0.37917929228520986,supply_chain,A
2026-05-05,natural_gas,1,kWh,490.33809832166014,0.3400544632611634,operations,B
2026-05-06,electricity,1,kWh,700.8839608904786,0.4191815309307134,supply_chain,C
2026-05-07,diesel,2,kWh,837.0837319386295,0.2175877986724079,transport,B
2026-05-08,natural_gas,1,kWh,19.859323747239596,0.43367550436531316,supply_chain,B
2026-05-09,electricity,2,kWh,212.7634681888439,0.24180757281875054,transport,A
2026-05-10,diesel,2,kWh,935.3068994213602,0.21930611875610165,operations,B
2026-05-11,natural_gas,2,kWh,823.0525762027279,0.4265610665264284,operations,A
2026-05-12,electricity,3,kWh,217.492589479901,0.2037108236195258,operations,B
2026-05-13,electricity,3,kWh,516.5491810786018,0.2974444534065023,supply_chain,B
2026-05-14,diesel,2,kWh,862.3664360203907,0.24022487803431625,supply_chain,C
2026-05-15,diesel,1,kWh,746.5257646774564,0.461499120506293,operations,B
2026-05-16,natural_gas,1,kWh,750.442734194942,0.29207074474102657,operations,C
2026-05-17,natural_gas,3,kWh,76.17265058162806,0.27868957531254457,operations,A
2026-05-18,electricity,1,kWh,403.21887386693624,0.39282082949351316,operations,B
2026-05-19,electricity,1,kWh,853.302257416957,0.49298514916306446,transport,B
2026-05-20,electricity,3,kWh,330.27558268018663,0.35143499369611664,transport,C
2026-05-21,diesel,1,kWh,762.507034507948,0.30533159006279614,operations,B
2026-05-22,natural_gas,2,kWh,335.78603448599347,0.3053036084019927,transport,B
2026-05-23,electricity,2,kWh,165.05075876725553,0.2171735697199652,supply_chain,C
2026-05-24,natural_gas,2,kWh,890.884384460566,0.4133993477604172,transport,B
2026-05-25,natural_gas,2,kWh,588.5336738132314,0.276890066581767,supply_chain,B
2026-05-26,electricity,1,kWh,485.8617970776426,0.2711629563629744,operations,A
2026-05-27,diesel,1,kWh,584.4765724250185,0.2822783077638672,operations,C
2026-05-28,natural_gas,2,kWh,277.9884508372644,0.21642966733920413,supply_chain,C
2026-05-29,electricity,1,kWh,185.97555476162356,0.3444276246866905,transport,C
2026-05-30,electricity,3,kWh,828.3870840057542,0.3337921507651721,operations,B
2026-05-31,diesel,3,kWh,241.37906412261788,0.21994353134848516,transport,B
2026-06-01,diesel,3,kWh,362.29862105208394,0.331255199484765,transport,C
2026-06-02,natural_gas,1,kWh,579.1408280477102,0.38337651481256674,operations,C
2026-06-03,electricity,1,kWh,338.2655801631805,0.4799042355958119,supply_chain,C
2026-06-04,electricity,3,kWh,511.8716220148822,0.23189771977588383,operations,B
2026-06-05,diesel,1,kWh,303.818500608482,0.4715625623819288,supply_chain,C
2026-06-06,natural_gas,3,kWh,288.517903685744,0.4503636074993289,transport,A
2026-06-07,diesel,3,kWh,789.80647423248,0.21797963637035345,transport,B
2026-06-08,electricity,2,kWh,950.5229760153195,0.350283343238187,operations,A
2026-06-09,diesel,1,kWh,552.9310060358241,0.32149394347932553,operations,B
2026-06-10,electricity,3,kWh,642.662438725638,0.29440378711781084,operations,C
2026-06-11,diesel,3,kWh,131.42251581178255,0.23015562604532297,supply_chain,C
2026-06-12,electricity,3,kWh,24.993276679733516,0.3591650295735392,transport,C
2026-06-13,natural_gas,3,kWh,562.8193013405842,0.3372011160863566,supply_chain,A
2026-06-14,diesel,3,kWh,102.64002146941836,0.3378024734534876,transport,B
2026-06-15,diesel,2,kWh,228.87813049211326,0.29104583412230345,operations,C
2026-06-16,diesel,3,kWh,342.9674323490586,0.4452657905218344,transport,A
2026-06-17,natural_gas,2,kWh,758.5288332284473,0.23057530530337922,supply_chain,A
2026-06-18,electricity,1,kWh,658.6926658221656,0.22271975926363086,operations,B
2026-06-19,electricity,2,kWh,883.5813534180293,0.3560799427488287,supply_chain,B
2026-06-20,electricity,3,kWh,427.20202576510655,0.3726803589690266,supply_chain,C
2026-06-21,diesel,1,kWh,873.1541020543247,0.3096250541865836,transport,A
2026-06-22,diesel,3,kWh,600.6107317451281,0.4575948463361967,transport,A
2026-06-23,electricity,3,kWh,413.08733381300334,0.3338222958406891,operations,A
2026-06-24,electricity,1,kWh,760.3755821591787,0.46494061681163384,operations,B
2026-06-25,natural_gas,1,kWh,848.043552348773,0.25856233066062007,operations,A
2026-06-26,natural_gas,1,kWh,920.5009630144327,0.44719258507708454,transport,B
2026-06-27,natural_gas,2,kWh,659.4582883378765,0.35714921764850893,transport,A
2026-06-28,natural_gas,1,kWh,911.3995668232411,0.26417112441131824,transport,A
2026-06-29,natural_gas,3,kWh,140.2845526284105,0.456269815789367,transport,C
2026-06-30,natural_gas,1,kWh,194.52642662801907,0.4062350310830247,operations,B
2026-07-01,diesel,2,kWh,448.4199499521332,0.29092692417667365,transport,C
2026-07-02,electricity,2,kWh,444.8657773234529,0.3894684765088843,operations,A
2026-07-03,diesel,2,kWh,753.3504892203305,0.21523247485712438,operations,B
2026-07-04,electricity,3,kWh,186.51514283881752,0.4250493286280822,transport,A
2026-07-05,diesel,1,kWh,612.8322496669889,0.2847167841141071,supply_chain,C
2026-07-06,diesel,3,kWh,377.8833438537276,0.43505006053869666,operations,B
2026-07-07,diesel,3,kWh,181.50574556997293,0.24801792322358418,operations,C
2026-07-08,natural_gas,1,kWh,470.5735089329868,0.3582109739083502,transport,C
2026-07-09,diesel,3,kWh,264.837331063839,0.4475183315226552,operations,C
2026-07-10,natural_gas,3,kWh,477.5158799325479,0.3279150854635585,supply_chain,A
2026-07-11,diesel,1,kWh,667.4128186170727,0.3903561299167009,transport,C
2026-07-12,electricity,1,kWh,154.75122925690286,0.35636412945881624,operations,B
2026-07-13,electricity,2,kWh,560.5966006881005,0.3660460496793464,operations,B
2026-07-14,natural_gas,3,kWh,23.217063072280816,0.4848705037661485,supply_chain,C
2026-07-15,diesel,2,kWh,608.9595156491287,0.34576876962678293,operations,B
2026-07-16,electricity,3,kWh,467.0376301601488,0.35519804385723586,operations,A
2026-07-17,diesel,2,kWh,249.51982641791858,0.3977858180784746,transport,B
2026-07-18,natural_gas,1,kWh,93.62098515638,0.366063622441182,transport,C
2026-07-19,diesel,2,kWh,723.4961319428373,0.482451497911932,supply_chain,B
2026-07-20,natural_gas,3,kWh,334.48903743226975,0.2594887718442203,supply_chain,B
2026-07-21,electricity,1,kWh,722.2295378749981,0.482606082715627,transport,A
2026-07-22,electricity,2,kWh,205.3003157902514,0.32671533638802186,supply_chain,B
2026-07-23,diesel,3,kWh,219.2502573428751,0.34194023951256947,operations,A
2026-07-24,natural_gas,1,kWh,308.0016994352012,0.3840656124914249,transport,C
2026-07-25,natural_gas,2,kWh,658.4236174806836,0.4627341661701714,operations,A
2026-07-26,electricity,3,kWh,951.342117931577,0.3092609043989808,transport,C
2026-07-27,electricity,2,kWh,76.46055729456545,0.33345269200359173,operations,A
2026-07-28,diesel,2,kWh,907.8561741375478,0.4776466796175292,transport,B
2026-07-29,diesel,3,kWh,229.18862953174832,0.2735214210292563,operations,A
2026-07-30,natural_gas,1,kWh,853.6026917452104,0.46888469792579157,supply_chain,B
2026-07-31,electricity,3,kWh,988.9906605568463,0.44299696856012694,operations,C
2026-08-01,diesel,1,kWh,132.32660552129263,0.2392306464368264,transport,A
2026-08-02,electricity,2,kWh,847.7550262398502,0.2070445963429327,transport,B
2026-08-03,electricity,2,kWh,915.3933227354638,0.33470914178126954,transport,A
2026-08-04,diesel,2,kWh,800.2097826569378,0.30473955009821513,supply_chain,A
2026-08-05,diesel,2,kWh,972.1333579356356,0.23609306052773835,operations,A
2026-08-06,natural_gas,2,kWh,878.6401490663545,0.47447705388728745,transport,B
2026-08-07,natural_gas,1,kWh,570.9807519815746,0.20051112354408063,transport,C
2026-08-08,diesel,1,kWh,634.5864241426088,0.21249985203607508,transport,B
2026-08-09,diesel,3,kWh,732.9875489669521,0.38383426750791705,supply_chain,B
2026-08-10,natural_gas,2,kWh,132.59842382005198,0.2459394836434236,operations,A
2026-08-11,diesel,1,kWh,790.8455205601595,0.37066045278864174,supply_chain,A
2026-08-12,natural_gas,1,kWh,371.1277373503859,0.23657840050898457,supply_chain,C
2026-08-13,electricity,2,kWh,706.117877086726,0.42628036390737306,operations,A
2026-08-14,natural_gas,3,kWh,654.7670398604415,0.3281075114899741,operations,B
2026-08-15,electricity,3,kWh,612.064872269947,0.2438687398670613,transport,A
2026-08-16,electricity,2,kWh,498.23620290440016,0.38360109977042955,supply_chain,A
2026-08-17,diesel,2,kWh,151.0258198222441,0.4740915541018874,supply_chain,C
2026-08-18,natural_gas,3,kWh,101.45832956315915,0.29079148627234985,operations,C
2026-08-19,natural_gas,3,kWh,695.8655467195546,0.39687291902377575,transport,A
2026-08-20,diesel,2,kWh,199.62770446933945,0.2661553224500248,supply_chain,B
2026-08-21,natural_gas,3,kWh,619.2401082440869,0.484478864470828,transport,C
2026-08-22,diesel,3,kWh,444.3505214563509,0.3065423247654687,operations,B
2026-08-23,electricity,3,kWh,447.00267936020026,0.23667597784408886,transport,B
2026-08-24,natural_gas,2,kWh,227.24721670957865,0.49882909420528154,supply_chain,B
2026-08-25,electricity,2,kWh,979.2096251977588,0.22688680938655614,transport,C
2026-08-26,diesel,2,kWh,173.29002061857668,0.46980659490612636,supply_chain,C
2026-08-27,natural_gas,3,kWh,814.3197936873393,0.3458804247990105,transport,A
2026-08-28,electricity,2,kWh,736.5341373943631,0.47466596980061726,operations,C
2026-08-29,electricity,2,kWh,331.5723165836654,0.22981234257811184,transport,C
2026-08-30,electricity,2,kWh,681.8209302613607,0.38477827203981274,supply_chain,C
2026-08-31,natural_gas,3,kWh,417.0923727330415,0.27753651863095363,supply_chain,A
2026-09-01,natural_gas,1,kWh,219.0970361101089,0.44382038269205004,supply_chain,A
2026-09-02,natural_gas,1,kWh,330.56538185393043,0.4666229290328556,transport,C
2026-09-03,diesel,2,kWh,774.3951425121267,0.3328321383302377,operations,C
2026-09-04,natural_gas,1,kWh,45.33473228405021,0.3212392188301705,transport,C
2026-09-05,diesel,1,kWh,722.339870283163,0.41448078739682914,supply_chain,C
2026-09-06,diesel,1,kWh,731.2568208613493,0.345158785964647,supply_chain,B
2026-09-07,diesel,2,kWh,271.3110379519373,0.3504406280650074,transport,B
2026-09-08,diesel,2,kWh,994.2090741121383,0.4229562129308889,supply_chain,A
2026-09-09,diesel,1,kWh,884.968930979499,0.3158708461089587,transport,C
2026-09-10,diesel,2,kWh,885.3389474900792,0.4325539538427374,supply_chain,B
2026-09-11,natural_gas,1,kWh,962.316009049427,0.2741385111641346,transport,A
2026-09-12,natural_gas,3,kWh,477.78660495410963,0.4542951020075318,operations,A
2026-09-13,diesel,3,kWh,198.24218030466142,0.3679616777134404,operations,B
2026-09-14,electricity,2,kWh,94.96850093378532,0.28445747884234274,operations,C
2026-09-15,electricity,1,kWh,249.11896554535937,0.4813832384492781,supply_chain,B
2026-09-16,natural_gas,1,kWh,257.60638879949147,0.21233831778232704,supply_chain,B
2026-09-17,natural_gas,2,kWh,518.932153493395,0.3569395930199284,transport,B
2026-09-18,electricity,2,kWh,91.59678994465429,0.3657711716605966,transport,A
2026-09-19,diesel,3,kWh,667.6552385101995,0.28910897333825075,operations,A
2026-09-20,diesel,3,kWh,712.7403427111628,0.3406745515389814,supply_chain,A
2026-09-21,natural_gas,2,kWh,379.1559589558438,0.4751443953423669,transport,A
2026-09-22,natural_gas,2,kWh,923.3546614462139,0.3107341373058419,transport,B
2026-09-23,diesel,1,kWh,584.1331403297635,0.23837271426205509,supply_chain,B
2026-09-24,electricity,1,kWh,56.77021722244396,0.3050803963408746,operations,B
2026-09-25,natural_gas,2,kWh,819.852884292044,0.4213758514609534,transport,C
2026-09-26,electricity,3,kWh,723.954737296591,0.4497806820748741,operations,B
